S&P;500;INDEX;Last:;4927.9302;Change:;;36.9602;;;;;;;;;
Date:;29;janvier;2024;à;17:17;UTC−5;Bid:;4879.0498;Ask:;4996.8799;Size:;1*1;Volume:;0;;
Expiration;Date :;Fri;Feb;16;2024;;;;;;;;;;;
Calls;;;;;;;;;Puts;;;;;;;
Last;Net;Bid;Ask;Volume;IV;Delta;Gamma;Strike;Last;Net;Bid;Ask;Volume;IV;Delta;Gamma
718.53;0;1181.5;1183.6;0;0;0.9971;0;3750.00;0.6;-0.1;0.5;0.6;17;0.4725;-0.0035;0
0;0;1152.9;1162.2;0;0;0.9969;0;3775.00;0.6;-0.15;0.5;0.65;2;0.4641;-0.0037;0
966.36;0;1131.7;1133.8;0;0;0.9967;0;3800.00;0.6;-0.15;0.55;0.65;10;0.4559;-0.0039;0
0;0;1103.1;1112.4;0;0.3371;0.9964;0;3825.00;0.65;-0.15;0.55;0.7;3;0.4473;-0.0042;0
752.44;0;1081.9;1084.1;0;0.3508;0.9962;0;3850.00;0.7;-0.15;0.6;0.7;3;0.4405;-0.0044;0
0;0;1058.3;1067.6;0;0.3609;0.996;0;3870.00;0.75;-0.1;0.6;0.75;306;0.4322;-0.0046;0
0;0;1053.3;1062.6;0;0.3686;0.9959;0;3875.00;0.75;-0.1;0.6;0.75;2;0.4301;-0.0047;0
857.27;0;1032.1;1034.3;0;0.3553;0.9956;0;3900.00;0.77;-0.13;0.65;0.75;69;0.4231;-0.005;0
0;0;1003.6;1012.8;0;0.3702;0.9954;0;3925.00;0.8;-0.15;0.7;0.8;2;0.4129;-0.0052;0
512;0;982.3;984.5;0;0.3583;0.995;0;3950.00;0.85;-0.15;0.7;0.85;102;0.4054;-0.0056;0
0;0;968.7;978;0;0.3577;0.9949;0;3960.00;0.8;-0.2;0.75;0.85;2;0.4013;-0.0057;0
932.3;8.8;957.7;959.4;14;0.3533;0.9947;0;3975.00;0.9;-0.15;0.75;0.85;101;0.3979;-0.0059;0
0;0;948.8;958.1;0;0.3558;0.9946;0;3980.00;0.9;-0.15;0.75;0.85;10;0.3958;-0.006;0
0;0;943.8;953.1;0;0.3579;0.9946;0;3985.00;0.89;-0.16;0.75;0.9;5;0.3938;-0.006;0
932.43;34.08;932.8;934.5;508;0.3477;0.9943;0;4000.00;0.85;-0.25;0.8;0.9;750;0.3889;-0.0063;0
430.79;0;919;928.2;0;0.3515;0.9942;0;4010.00;0.95;-0.15;0.8;0.9;40;0.386;-0.0064;0
754.5;0;904.5;913.1;0;0.3467;0.994;0;4025.00;0.95;-0.175;0.8;0.95;3;0.3798;-0.0066;0
0;0;889.1;898.4;0;0.35;0.9937;0;4040.00;1.01;-0.14;0.85;0.95;482;0.3761;-0.0069;0
709.49;0;859.2;868.5;0;0.3397;0.9932;0;4070.00;1.03;-0.17;0.9;1;150;0.366;-0.0074;0
390.07;0;849.3;858.6;0;0.3439;0.993;0;4080.00;1;-0.25;0.9;1.05;2;0.3618;-0.0076;0
710.33;0;839.8;848.5;0;0.335;0.9928;0;4090.00;1.09;-0.16;0.95;1.05;3;0.3577;-0.0078;0
832.88;33.98;833.2;835;3;0.3292;0.9926;0.0001;4100.00;1.14;-0.16;1;1.05;897;0.3557;-0.008;0.0001
662.22;0;824.4;833.7;0;0.3328;0.9925;0.0001;4105.00;1.15;-0.15;0.95;1.1;1;0.3536;-0.0081;0.0001
272.23;0;814.5;823.7;0;0.3272;0.9923;0.0001;4115.00;1.14;-0.185;0.95;1.1;11;0.3495;-0.0083;0.0001
0;0;799.5;808.8;0;0.3248;0.992;0.0001;4130.00;1.2;-0.15;1;1.1;1;0.3453;-0.0086;0.0001
682.04;0;794.9;803.7;0;0.3221;0.9919;0.0001;4135.00;1.13;-0.22;1;1.15;247;0.3433;-0.0087;0.0001
596.56;0;789.6;798.8;0;0.3274;0.9918;0.0001;4140.00;1.15;-0.25;1;1.15;2;0.3412;-0.0088;0.0001
628.35;0;783.3;785.4;0;0.3167;0.9915;0.0001;4150.00;1.1;-0.3;1.05;1.15;3;0.338;-0.0091;0.0001
439.57;0;769.7;778.9;0;0.3216;0.9913;0.0001;4160.00;1.3;-0.15;1.05;1.2;1;0.3348;-0.0093;0.0001
434.92;0;764.7;774;0;0.3165;0.9912;0.0001;4165.00;1.29;-0.16;1.05;1.2;11;0.3327;-0.0094;0.0001
676.84;0;755.3;763.9;0;0.3204;0.9909;0.0001;4175.00;1.3;-0.175;1.1;1.2;270;0.3295;-0.0096;0.0001
0;0;744.8;754.1;0;0.3107;0.9907;0.0001;4185.00;1.28;-0.22;1.1;1.25;8;0.3262;-0.0099;0.0001
738.99;39.49;733.8;735.5;1;0.3028;0.9903;0.0001;4200.00;1.3;-0.25;1.15;1.25;72;0.3209;-0.0103;0.0001
576.74;0;724.9;734.2;0;0.3047;0.9902;0.0001;4205.00;1.25;-0.3;1.15;1.3;50;0.3196;-0.0104;0.0001
220.82;0;715;724.2;0;0.3058;0.9899;0.0001;4215.00;1.35;-0.25;1.2;1.3;116;0.3154;-0.0107;0.0001
556.63;0;710;719.3;0;0.3012;0.9897;0.0001;4220.00;1.4;-0.2;1.2;1.3;48;0.3142;-0.0108;0.0001
577.19;0;708.7;710.8;0;0.2965;0.9896;0.0001;4225.00;1.35;-0.25;1.2;1.3;119;0.313;-0.011;0.0001
524.47;0;700.1;709.3;0;0.296;0.9894;0.0001;4230.00;1.4;-0.25;1.2;1.35;144;0.3108;-0.0111;0.0001
499.26;0;690.1;699.4;0;0.2949;0.9891;0.0001;4240.00;1.45;-0.2;1.25;1.35;68;0.3075;-0.0114;0.0001
132.85;0;685.2;694.4;0;0.2924;0.989;0.0001;4245.00;1.45;-0.25;1.25;1.35;68;0.306;-0.0116;0.0001
648.3;0;684;685.8;0;0.2898;0.9888;0.0001;4250.00;1.5;-0.2;1.25;1.4;38;0.3038;-0.0118;0.0001
129.82;0;675.2;684.4;0;0.2929;0.9887;0.0001;4255.00;1.5;-0.2;1.3;1.4;68;0.3017;-0.0119;0.0001
295.85;0;660.3;669.5;0;0.2888;0.9882;0.0001;4270.00;1.55;-0.2;1.3;1.45;161;0.2969;-0.0124;0.0001
622.5;0;659;661.1;0;0.2828;0.988;0.0001;4275.00;1.6;-0.2;1.3;1.45;37;0.2948;-0.0126;0.0001
572.61;0;650.4;659.6;0;0.282;0.9878;0.0001;4280.00;1.65;-0.15;1.35;1.45;62;0.2934;-0.0128;0.0001
453.91;0;640.4;649.6;0;0.2804;0.9874;0.0001;4290.00;1.7;-0.15;1.35;1.5;10;0.2899;-0.0132;0.0001
0;0;635.4;644.7;0;0.2779;0.9873;0.0001;4295.00;1.5;-0.35;1.4;1.5;94;0.2887;-0.0133;0.0001
639.54;39.34;634.3;636;1;0.2754;0.9871;0.0001;4300.00;1.5;-0.375;1.4;1.5;831;0.2865;-0.0135;0.0001
159.9;0;625.5;634.7;0;0.2777;0.9869;0.0001;4305.00;1.7;-0.2;1.4;1.55;47;0.285;-0.0137;0.0001
598.07;7.47;620.5;629.8;5;0.2752;0.9867;0.0001;4310.00;1.9;0;1.4;1.55;0;0.2829;-0.0139;0.0001
316.57;0;610.6;619.8;0;0.2732;0.9863;0.0001;4320.00;1.7;-0.25;1.45;1.55;1;0.2801;-0.0143;0.0001
519.2;0;595.7;604.9;0;0.27;0.9856;0.0001;4335.00;1.69;-0.31;1.5;1.6;150;0.2743;-0.015;0.0001
195.54;0;585.7;595;0;0.2623;0.9852;0.0001;4345.00;1.7;-0.35;1.5;1.65;151;0.2713;-0.0154;0.0001
558.37;7.87;584.6;586.4;5;0.2599;0.985;0.0001;4350.00;1.64;-0.5;1.55;1.65;42;0.2692;-0.0156;0.0001
545.03;8.93;565.9;575.1;1;0.2553;0.9842;0.0001;4365.00;1.9;-0.25;1.6;1.7;1;0.264;-0.0164;0.0001
502.25;0;559.6;561.7;0;0.2518;0.9837;0.0001;4375.00;1.8;-0.4;1.6;1.75;3;0.2607;-0.0169;0.0001
445.5;0;551;560.2;0;0.2506;0.9835;0.0001;4380.00;1.89;-0.36;1.65;1.75;1;0.2586;-0.0171;0.0001
376.38;0;541.6;550.2;0;0.2483;0.9829;0.0002;4390.00;2;-0.3;1.65;1.8;200;0.2554;-0.0177;0.0002
251.52;0;536.1;545.3;0;0.2459;0.9826;0.0002;4395.00;2.04;-0.26;1.7;1.8;306;0.2539;-0.018;0.0002
492.98;0;535;536.7;0;0.2434;0.9824;0.0002;4400.00;1.84;-0.51;1.7;1.85;1669;0.2523;-0.0182;0.0002
398.91;0;521.2;530.4;0;0.2455;0.9818;0.0002;4410.00;1.87;-0.53;1.75;1.9;106;0.2485;-0.0188;0.0002
409.2;0;516.2;525.4;0;0.242;0.9814;0.0002;4415.00;2.25;-0.175;1.75;1.9;19;0.2468;-0.0192;0.0002
229.04;0;511.7;520.4;0;0.2384;0.9811;0.0002;4420.00;1.92;-0.53;1.8;1.9;64;0.2452;-0.0195;0.0002
463.25;0;509.9;512.1;0;0.236;0.9808;0.0002;4425.00;2.07;-0.43;1.8;1.95;13;0.2434;-0.0198;0.0002
474.48;0;501.3;510.6;0;0.2368;0.9805;0.0002;4430.00;2.05;-0.475;1.8;1.95;300;0.2417;-0.0201;0.0002
450.5;0;485.3;487.1;0;0.2282;0.979;0.0002;4450.00;2.1;-0.55;1.9;2.05;479;0.2345;-0.0216;0.0002
448.18;0;476.5;485.7;0;0.2288;0.9787;0.0002;4455.00;2.65;-0.05;1.95;2.1;1;0.2328;-0.0219;0.0002
372.58;0;471.6;480.8;0;0.2254;0.9783;0.0002;4460.00;2.57;-0.18;1.95;2.1;2;0.231;-0.0223;0.0002
405.98;0;466.6;475.8;0;0.2268;0.9779;0.0002;4465.00;2.5;-0.275;2;2.15;34;0.2293;-0.0227;0.0002
430.61;0;462.1;470.8;0;0.2226;0.9775;0.0002;4470.00;2.27;-0.555;2;2.15;62;0.2276;-0.0231;0.0002
433.07;0;457.2;465.8;0;0.2229;0.977;0.0002;4475.00;2.15;-0.7;2.05;2.2;212;0.2263;-0.0236;0.0002
425.5;3.2;451.7;461;1;0.2196;0.9766;0.0002;4480.00;2.2;-0.7;2.05;2.2;252;0.2244;-0.024;0.0002
335.1;0;441.8;451;0;0.2174;0.9757;0.0002;4490.00;2.35;-0.675;2.15;2.25;24;0.2204;-0.0249;0.0002
287.19;0;436.9;446.1;0;0.2142;0.9752;0.0002;4495.00;2.85;-0.2;2.15;2.3;10;0.219;-0.0254;0.0002
433.71;31.56;435.8;437.5;222;0.2118;0.9747;0.0002;4500.00;2.23;-0.87;2.2;2.35;2767;0.2177;-0.0259;0.0002
266.4;0;422;431.2;0;0.2111;0.9737;0.0003;4510.00;2.62;-0.58;2.25;2.4;3;0.214;-0.0269;0.0003
384.39;0;412.1;421.3;0;0.2078;0.9726;0.0003;4520.00;2.67;-0.63;2.3;2.45;14;0.2102;-0.028;0.0003
379.79;0;410.8;413;0;0.2046;0.972;0.0003;4525.00;2.65;-0.96;2.35;2.5;563;0.2088;-0.0286;0.0003
408.72;35.72;402.2;411.4;1;0.2045;0.9714;0.0003;4530.00;2.48;-0.97;2.4;2.55;22;0.2072;-0.0292;0.0003
292.17;0;392.4;401.5;0;0.2011;0.9701;0.0003;4540.00;2.87;-0.73;2.5;2.6;29;0.2041;-0.0305;0.0003
263.22;0;387.4;396.6;0;0.2015;0.9695;0.0003;4545.00;3.37;-0.28;2.5;2.65;239;0.2022;-0.0312;0.0003
388.92;36.12;386.3;388;2;0.197;0.9688;0.0003;4550.00;2.74;-1.05;2.55;2.7;134;0.2006;-0.0318;0.0003
347.72;0;372.6;381.8;0;0.1942;0.9673;0.0004;4560.00;3.6;-0.3;2.65;2.8;5;0.1971;-0.0333;0.0004
215;0;362.7;371.9;0;0.1925;0.9657;0.0004;4570.00;3.55;-0.5;2.75;2.9;1;0.1941;-0.0349;0.0004
300.09;0;361.4;363.6;0;0.1888;0.9649;0.0004;4575.00;2.9;-1.25;2.8;2.95;117;0.193;-0.0357;0.0004
320.39;0;347.9;357.1;0;0.1876;0.9631;0.0004;4585.00;3.75;-0.55;2.95;3.1;3;0.1895;-0.0375;0.0004
205.16;0;343;352.2;0;0.1869;0.9621;0.0004;4590.00;3.88;-0.52;3;3.1;1;0.1875;-0.0385;0.0004
200.78;0;338.1;347.3;0;0.1833;0.9611;0.0004;4595.00;3.48;-1.07;3;3.2;14;0.1858;-0.0395;0.0004
313.32;9.42;337;338.7;3;0.1814;0.9601;0.0004;4600.00;3.25;-1.4;3.1;3.3;5377;0.1845;-0.0405;0.0004
297.3;-2.4;328.3;337.4;1;0.1806;0.959;0.0004;4605.00;4.76;-0.04;3.2;3.4;1;0.1832;-0.0416;0.0004
289.07;0;327;329.1;0;0.1787;0.9579;0.0005;4610.00;3.4;-1.5;3.2;3.4;6;0.1814;-0.0427;0.0005
298.62;8.62;318.5;327.6;2;0.1783;0.9567;0.0005;4615.00;3.64;-1.36;3.3;3.5;4;0.1796;-0.0439;0.0005
264.19;0;313.6;322.7;0;0.1768;0.9555;0.0005;4620.00;3.8;-1.35;3.4;3.6;96;0.1782;-0.0451;0.0005
280.54;0;312.3;314.4;0;0.1743;0.9542;0.0005;4625.00;3.7;-1.6;3.5;3.7;258;0.1768;-0.0464;0.0005
163.88;0;303.8;312.9;0;0.1738;0.9529;0.0005;4630.00;4;-1.4;3.6;3.8;17;0.1754;-0.0477;0.0005
189.7;0;298.9;308;0;0.1727;0.9514;0.0005;4635.00;4.7;-0.9;3.7;3.9;1;0.1739;-0.0492;0.0005
277.36;0;294;303.1;0;0.1706;0.95;0.0006;4640.00;4.1;-1.7;3.8;4;7;0.1724;-0.0506;0.0006
270.9;0;289.6;298.2;0;0.1686;0.9484;0.0006;4645.00;5.39;-0.51;3.9;4.1;86;0.1708;-0.0522;0.0006
285.79;30.09;288;289.7;17;0.1665;0.9468;0.0006;4650.00;4.3;-2.01;4;4.2;4474;0.1692;-0.0538;0.0006
159.95;0;279.4;288.5;0;0.1653;0.9451;0.0006;4655.00;4.9;-1.4;4.1;4.3;5;0.1676;-0.0555;0.0006
239.08;0;274.9;283.6;0;0.1652;0.9433;0.0006;4660.00;4.6;-1.9;4.2;4.4;112;0.166;-0.0573;0.0006
239.17;-2.13;269.7;278.7;5;0.1627;0.9414;0.0007;4665.00;5.5;-1.2;4.3;4.5;1;0.1651;-0.0592;0.0007
234.37;-2.23;264.8;273.9;5;0.1625;0.9395;0.0007;4670.00;6.31;-0.59;4.5;4.7;1;0.1634;-0.0611;0.0007
263.78;31.98;263.5;265.7;43;0.1603;0.9374;0.0007;4675.00;4.8;-2.3;4.6;4.8;434;0.1621;-0.0632;0.0007
166.3;0;255.6;264.2;0;0.1592;0.9353;0.0007;4680.00;7;-0.4;4.8;5;1;0.1607;-0.0654;0.0007
196.72;0;250.3;259.4;0;0.158;0.933;0.0008;4685.00;5.21;-2.39;4.9;5.1;231;0.1592;-0.0676;0.0008
252.39;34.79;249.1;251.2;7;0.1561;0.9306;0.0008;4690.00;5.51;-2.39;5.1;5.3;1;0.1577;-0.07;0.0008
187.72;0;240.7;249.7;0;0.1549;0.9281;0.0008;4695.00;6.01;-2.19;5.2;5.5;4;0.1565;-0.0725;0.0008
239.68;31.43;239.7;241.4;90;0.1536;0.9255;0.0008;4700.00;5.57;-2.93;5.4;5.7;2908;0.1553;-0.0752;0.0008
197.84;0;231.5;240.1;0;0.1522;0.9227;0.0009;4705.00;7.4;-1.4;5.6;5.8;1;0.1539;-0.0779;0.0009
233.19;34.34;229.9;232;27;0.1508;0.9198;0.0009;4710.00;5.92;-3.23;5.8;6.1;83;0.1526;-0.0808;0.0009
202.08;7.83;221.9;230.6;1;0.1509;0.9168;0.0009;4715.00;6.62;-2.83;6;6.3;17;0.1512;-0.0839;0.0009
189.1;0;216.8;225.8;0;0.1488;0.9135;0.001;4720.00;6.82;-3.03;6.3;6.5;483;0.15;-0.0871;0.001
197.4;12.35;215.6;217.7;9;0.1475;0.9102;0.001;4725.00;6.9;-3.35;6.5;6.7;93;0.1487;-0.0905;0.001
206.53;26.08;210.9;213;27;0.1464;0.9066;0.001;4730.00;7.28;-3.37;6.8;7;440;0.1474;-0.094;0.001
142.08;0;206.2;208.3;0;0.145;0.9029;0.0011;4735.00;7.2;-3.85;7;7.3;214;0.1461;-0.0977;0.0011
175.23;3.88;201.5;203.6;2;0.1438;0.899;0.0011;4740.00;7.5;-4;7.3;7.6;98;0.1449;-0.1016;0.0011
174.29;7.44;193.3;202.2;1;0.1427;0.8949;0.0012;4745.00;8.8;-3.15;7.6;7.9;27;0.1437;-0.1057;0.0012
192.45;30.05;192.4;194;21;0.1414;0.8906;0.0012;4750.00;8.36;-4.09;7.9;8.2;2987;0.1426;-0.11;0.0012
165.7;7.8;184;192.9;3;0.1405;0.886;0.0013;4755.00;10.7;-2.35;8.3;8.6;5;0.1414;-0.1146;0.0013
157.2;3.65;182.9;185;4;0.1392;0.8812;0.0013;4760.00;8.67;-4.93;8.7;8.9;45;0.1402;-0.1194;0.0013
162.1;0;174.8;183.7;0;0.1386;0.8762;0.0014;4765.00;9.77;-4.43;9;9.3;9;0.1392;-0.1244;0.0014
148.15;0;173.7;175.8;0;0.1371;0.8709;0.0014;4770.00;9.68;-5.17;9.4;9.7;44;0.1382;-0.1296;0.0014
168.38;27.93;169.2;171.2;129;0.1361;0.8654;0.0015;4775.00;10.05;-5.45;9.9;10.2;1075;0.137;-0.1352;0.0015
167.23;31.08;164.7;166.7;1304;0.1349;0.8596;0.0015;4780.00;10.4;-5.8;10.3;10.6;143;0.1358;-0.141;0.0015
163.58;31.63;160.2;162.2;4;0.1341;0.8535;0.0016;4785.00;11.26;-5.69;10.8;11.1;42;0.1348;-0.1471;0.0016
156.68;28.93;155.8;157.6;29;0.1329;0.8471;0.0016;4790.00;11.53;-6.22;11.3;11.6;69;0.1337;-0.1535;0.0016
141.63;18.03;148.3;156.2;4;0.1326;0.8404;0.0017;4795.00;11.95;-6.65;11.8;12.2;187;0.1327;-0.1602;0.0017
149;29.5;147.1;148.6;2355;0.1309;0.8334;0.0018;4800.00;12.85;-6.6;12.4;12.7;2307;0.1318;-0.1672;0.0018
141.6;26.2;142.8;144.3;410;0.13;0.826;0.0018;4805.00;12.9;-7.5;13;13.4;429;0.1307;-0.1746;0.0018
144.43;32.98;135.4;143.1;1;0.1298;0.8183;0.0019;4810.00;13.68;-7.72;13.7;14;22;0.13;-0.1823;0.0019
110.96;3.51;131.1;138.8;1;0.1288;0.8102;0.0019;4815.00;15.05;-7.35;14.3;14.7;475;0.129;-0.1904;0.0019
128.95;25.4;129.7;131.6;1310;0.1274;0.8018;0.002;4820.00;16.17;-7.33;15.1;15.4;444;0.128;-0.1988;0.002
123.9;24.15;125.7;127.2;329;0.1266;0.7929;0.0021;4825.00;16.35;-8.35;15.8;16.2;1821;0.1272;-0.2077;0.0021
101.32;5.37;118.2;126.2;2;0.1259;0.7837;0.0021;4830.00;18.5;-7.4;16.7;17;352;0.1262;-0.2169;0.0021
120.2;27.95;114.3;122.1;1;0.1251;0.7741;0.0022;4835.00;17.3;-9.9;17.5;17.9;212;0.1255;-0.2265;0.0022
112.34;23.74;113.1;115;12;0.1242;0.7641;0.0023;4840.00;19.78;-8.72;18.4;18.8;71;0.1246;-0.2365;0.0023
88.78;0;109.1;110.8;0;0.1234;0.7537;0.0024;4845.00;26.5;-3.4;19.4;19.8;9;0.1237;-0.2469;0.0024
103.9;22.35;105.1;106.9;290;0.1227;0.7429;0.0024;4850.00;20.4;-11;20.4;20.9;3218;0.1232;-0.2577;0.0024
100.4;22.3;101.2;103;10;0.122;0.7317;0.0025;4855.00;22.18;-10.77;21.5;22;31;0.1224;-0.2689;0.0025
98.41;23.61;97.4;99.1;62;0.1214;0.7201;0.0026;4860.00;23.38;-11.22;22.6;23.1;88;0.1216;-0.2805;0.0026
92.99;21.54;93.6;95.4;9;0.1206;0.708;0.0026;4865.00;23.4;-12.95;23.8;24.3;37;0.1209;-0.2926;0.0026
88.3;20;89.9;91.6;2;0.1201;0.6956;0.0027;4870.00;29.01;-9.14;25.1;25.6;13;0.1202;-0.305;0.0027
87.8;22.65;86.3;88;1781;0.1194;0.6828;0.0028;4875.00;27.37;-12.63;26.4;27;369;0.1197;-0.3178;0.0027
82.24;20.09;82.7;84.4;436;0.119;0.6696;0.0028;4880.00;29.76;-12.19;27.8;28.4;447;0.1191;-0.331;0.0028
82;22.85;79.2;80.9;2;0.1183;0.656;0.0029;4885.00;30.77;-13.23;29.3;29.9;70;0.1186;-0.3446;0.0029
75.4;18.9;75.8;77.5;58;0.1178;0.6421;0.0029;4890.00;32.05;-14.1;30.9;31.5;350;0.1179;-0.3585;0.0029
59.4;5.75;72.5;74.2;91;0.1172;0.6279;0.003;4895.00;36.08;-12.27;32.5;33.1;151;0.1175;-0.3727;0.003
71.08;20.08;69.2;70.9;5278;0.1169;0.6133;0.003;4900.00;34.07;-16.63;34.2;34.8;4568;0.1169;-0.3872;0.003
64.9;16.55;66.1;67.7;214;0.1166;0.5985;0.0031;4905.00;36.5;-16.6;36;36.6;140;0.1166;-0.4021;0.0031
64.85;19;63;64.6;79;0.1161;0.5834;0.0031;4910.00;50.62;-4.98;37.9;38.5;28;0.1162;-0.4172;0.0031
58.85;15.35;60;61.6;106;0.1158;0.5681;0.0031;4915.00;40.25;-18;39.9;40.5;31;0.1156;-0.4325;0.0031
58.85;17.7;57.1;58.6;122;0.1154;0.5526;0.0032;4920.00;43.39;-17.51;41.9;42.6;33;0.1153;-0.448;0.0032
54.73;15.78;54.9;55.5;3016;0.1149;0.5368;0.0032;4925.00;44.99;-20.23;44.1;44.7;551;0.1149;-0.4638;0.0032
51.94;15.09;52.1;52.8;352;0.1144;0.521;0.0032;4930.00;47.16;-19.29;46.3;47;62;0.1146;-0.4796;0.0032
49.5;14.75;49.5;50.1;63;0.1142;0.5051;0.0032;4935.00;49.9;-19.5;48.7;49.3;95;0.1144;-0.4955;0.0032
46.9;14.1;46.9;47.6;746;0.1138;0.489;0.0032;4940.00;55.78;-16.67;51.1;51.7;5;0.114;-0.5115;0.0032
46.32;15.42;44.4;45.1;11;0.1136;0.473;0.0032;4945.00;54.5;-21;53.6;54.3;4;0.1137;-0.5276;0.0032
41.92;12.82;42.1;42.7;1140;0.1134;0.4569;0.0032;4950.00;57.65;-21;56.2;56.9;342;0.1136;-0.5437;0.0032
37.9;10.55;39.8;40.4;24;0.1132;0.4409;0.0032;4955.00;60.7;-21.2;58.4;60;7;0.1135;-0.5597;0.0032
37.53;12.6;37.6;38.2;273;0.113;0.425;0.0032;4960.00;78.51;0;61.2;62.8;0;0.1133;-0.5756;0.0032
33.7;9.6;35.5;36.1;12;0.1128;0.4092;0.0032;4965.00;86;-2.6;64.1;65.7;2;0.1132;-0.5915;0.0032
33.18;10.58;33.4;34.1;610;0.1126;0.3934;0.0031;4970.00;84.47;-7.63;67;68.7;160;0.1124;-0.6072;0.0031
30.8;9.6;31.5;32.1;1168;0.1126;0.3779;0.0031;4975.00;83.9;-11.75;70.1;71.7;11;0.1128;-0.6227;0.0031
29.1;9.3;29.6;30.2;268;0.1123;0.3626;0.0031;4980.00;128.09;0;73.2;74.9;0;0.1121;-0.638;0.0031
24.5;6;27.9;28.5;2;0.1124;0.3474;0.003;4985.00;96.62;0;76.4;78.1;0;0.1126;-0.6532;0.003
25.98;8.68;26.2;26.8;28;0.1122;0.3325;0.003;4990.00;95.76;-10.89;79.7;81.4;4;0.1125;-0.6681;0.003
24;7.85;24.5;25.1;741;0.112;0.3179;0.0029;4995.00;103.26;-7.19;83;84.8;2;0.1118;-0.6827;0.0029
23.65;8.68;23;23.6;3547;0.112;0.3036;0.0029;5000.00;89.46;-24.94;86.5;88.2;531;0.1126;-0.697;0.0029
20.9;6.95;21.5;22.1;84;0.1118;0.2895;0.0028;5005.00;117.9;0;90;91.7;0;0.1115;-0.711;0.0028
20.17;7.17;20.1;20.7;11;0.1117;0.2758;0.0027;5010.00;0;0;90.2;98;0;0.1103;-0.7248;0.0027
18.3;6.25;18.8;19.3;43;0.1117;0.2625;0.0027;5015.00;0;0;93.9;101.7;0;0.1103;-0.7381;0.0027
18.56;7.41;17.5;18;32;0.1115;0.2494;0.0026;5020.00;127.24;0;97.6;105.4;0;0.1101;-0.7512;0.0026
16.4;6.05;16.3;16.8;2251;0.1115;0.2367;0.0025;5025.00;142.55;0;101.5;111.5;0;0.1095;-0.7638;0.0025
15.27;5.62;15.2;15.7;209;0.1114;0.2244;0.0025;5030.00;0;0;102.2;117.2;0;0.1092;-0.7762;0.0025
14.2;5.3;14.1;14.6;64;0.1113;0.2125;0.0024;5035.00;0;0;109.6;117.2;0;0.1116;-0.7881;0.0024
12.8;4.6;13.1;13.6;82;0.1113;0.2009;0.0023;5040.00;0;0;113.6;121.2;0;0.1116;-0.7997;0.0023
11.9;4.3;12.2;12.6;14;0.1112;0.1897;0.0022;5045.00;0;0;117.6;125.2;0;0.1115;-0.8109;0.0022
11.64;4.64;11.3;11.7;4151;0.1113;0.1789;0.0022;5050.00;150.95;0;121.7;129.3;0;0.1119;-0.8217;0.0022
9.64;3.14;10.5;10.8;6;0.111;0.1684;0.0021;5055.00;0;0;125.9;133.4;0;0.1115;-0.8321;0.0021
10;4;9.7;10;30;0.1109;0.1584;0.002;5060.00;0;0;130.1;137.5;0;0.1116;-0.8422;0.002
8.85;3.75;8.2;8.6;32;0.111;0.1395;0.0018;5070.00;0;0;138.7;146;0;0.1116;-0.8611;0.0018
7.25;2.55;7.6;7.9;1352;0.1109;0.1306;0.0018;5075.00;0;0;143.1;150.3;0;0.1114;-0.87;0.0018
7.2;2.9;6.9;7.3;94;0.1109;0.1221;0.0017;5080.00;295.42;0;147.5;154.6;0;0.111;-0.8785;0.0017
6.71;2.81;6.4;6.7;50;0.1106;0.114;0.0016;5085.00;0;0;151.9;159;0;0.1116;-0.8866;0.0016
3.65;0.05;5.8;6.2;1;0.1107;0.1063;0.0015;5090.00;0;0;156.4;163.4;0;0.1116;-0.8943;0.0015
3.1;-0.2;5.4;5.6;12;0.1106;0.099;0.0014;5095.00;0;0;160.9;167.9;0;0.1113;-0.9016;0.0014
5.15;2.1;4.9;5.2;408;0.1109;0.0921;0.0014;5100.00;210.29;0;165.5;172.1;0;0.1114;-0.9085;0.0014
5;2.175;4.5;4.8;1;0.1107;0.0855;0.0013;5105.00;0;0;170.1;176.9;0;0.1104;-0.915;0.0013
4.6;2;4.1;4.3;42;0.111;0.0794;0.0012;5110.00;203.3;-8.4;173.7;182.4;5;0.1104;-0.9212;0.0012
3.6;1.225;3.8;4;202;0.111;0.0736;0.0012;5115.00;0;0;178.3;187;0;0.1106;-0.927;0.0012
3.6;1.4;3.4;3.7;31;0.1109;0.0682;0.0011;5120.00;0;0;182.9;191.7;0;0.1109;-0.9324;0.0011
3.15;1.15;3.1;3.3;92;0.111;0.0631;0.001;5125.00;0;0;187.6;196.4;0;0.1103;-0.9375;0.001
3.1;1.25;2.85;3.1;5;0.1112;0.0584;0.001;5130.00;0;0;192.3;201.1;0;0.1106;-0.9422;0.001
2.52;0.945;2.4;2.55;4;0.1111;0.0499;0.0008;5140.00;0;0;201.7;210.6;0;0.1109;-0.9507;0.0008
2.15;0.8;2;2.15;239;0.1116;0.0427;0.0008;5150.00;259;0;211.3;220.2;0;0.1124;-0.9579;0.0008
1.1;-0.05;1.65;1.8;119;0.1118;0.0366;0.0007;5160.00;0;0;220.9;229.5;0;0.1107;-0.964;0.0007
0.9;0.25;0.8;0.95;112;0.1147;0.0203;0.0004;5200.00;423.05;0;263.3;265.4;0;0.1154;-0.9802;0.0004
0.35;-0.025;0.4;0.55;139;0.1218;0.0111;0.0002;5250.00;506.48;0;312.6;314.8;0;0.121;-0.9895;0.0002
